{
  "$id": "dnp-standards.schema.json",
  "allOf": [
    {"$ref": "common.decalogo.schema.json"},
    {
      "properties": {
        "domain": {"const": "DNP"},
        "norm_refs": {
          "type": "array",
          "items": {"type": "string"}
        },
        "competence_map": {
          "type": "object",
          "required": ["municipal", "departamental", "nacional"],
          "properties": {
            "municipal": {"type": "string"},
            "departamental": {"type": "string"},
            "nacional": {"type": "string"}
          },
          "additionalProperties": false
        }
      },
      "required": ["norm_refs", "competence_map"]
    }
  ]
}
