 {
  "metadata": {
    "version": "1.2.0",
    "created_date": "2025-01-20",
    "empirical_expansion_date": "2025-01-20",
    "methodology": "Decálogo de Derechos Humanos y Buen Gobierno - DNP + Análisis Empírico Multi-territorial",
    "source": "Sistema de Evaluación PDT - Metodología Conjuntiva Expandida",
    "last_updated": "2025-01-20",
    "sample_territories_analyzed": [
      "Popayán (Cauca)", "Medellín (Antioquia)", "Bogotá D.C.",
      "Cali (Valle del Cauca)", "Morales (Cauca)", "Barranquilla (Atlántico)"
    ],
    "compatibility": {
      "system_version": "1.2.0",
      "python_version": ">=3.8",
      "dependencies": ["transformers", "torch", "faiss", "pandas", "yaml", "nltk", "spacy"]
    }
  },

  "dimension_standards": {
    "DE1": {
      "name": "Lógica de Intervención y Coherencia Interna",
      "weight": 0.40,
      "description": "Evalúa la coherencia lógica de las intervenciones propuestas",
      "causality_patterns": {
        "strong_causality": [
          "por lo tanto", "en consecuencia", "como resultado", "debido a",
          "genera que", "produce", "conlleva", "ocasiona", "deriva en",
          "origina", "causa", "propicia", "desencadena", "provoca",
          "determina", "influye en", "incide en", "repercute en",
          "se traduce en", "se refleja en", "se manifiesta en"
        ],
        "logical_sequence": [
          "problema.*causa.*objetivo.*estrategia",
          "diagnóstico.*análisis.*propuesta.*meta",
          "situación.*factores.*intervención.*resultado",
          "necesidad.*justificación.*acción.*impacto",
          "caracterización.*identificación.*formulación.*implementación",
          "contexto.*determinantes.*intervención.*transformación",
          "realidad.*problemática.*solución.*evaluación",
          "territorio.*población.*programa.*beneficio"
        ],
        "evidence_indicators": [
          "según el", "estudios muestran", "datos de", "evidencia indica",
          "investigaciones demuestran", "análisis revela", "estadísticas confirman",
          "fuente: DANE", "fuente: DNP", "fuente: ministerio", "fuente: SISPRO",
          "fuente: SIVIGILA", "fuente: SISBEN", "fuente: TerriData",
          "conforme a", "de acuerdo con", "basado en", "sustentado en",
          "respaldado por", "avalado por", "corroborado por",
          "informes oficiales", "encuestas territoriales", "censos poblacionales"
        ],
        "temporal_consistency": [
          "primero.*luego.*finalmente", "corto plazo.*largo plazo",
          "2024.*2025.*2026.*2027", "inicial.*intermedio.*final",
          "fase.*etapa.*momento", "periodo.*vigencia.*cuatrienio",
          "línea base.*seguimiento.*evaluación",
          "inicio.*desarrollo.*cierre", "inmediato.*mediano.*largo",
          "primer año.*segundo año.*tercer año.*cuarto año"
        ],
        "measurement_framework": [
          "indicador.*meta.*línea base.*medición",
          "resultado.*producto.*insumo",
          "cuantitativo.*cualitativo.*verificable",
          "fuente.*periodicidad.*responsable",
          "KPI.*métrica.*variable.*parámetro",
          "benchmark.*estándar.*umbral.*target",
          "semáforo.*semaforización.*alertas.*monitoreo",
          "dashboard.*tablero.*reporte.*informe"
        ],
        "risk_consideration": [
          "riesgo.*amenaza.*contingencia.*mitigación",
          "supuestos.*factores externos.*variables",
          "plan b.*alternativa.*escenario",
          "vulnerabilidad.*fortaleza.*oportunidad",
          "incertidumbre.*probabilidad.*impacto",
          "plan de contingencia.*medidas preventivas.*acciones correctivas"
        ],
        "territorial_specificity": [
          "municipio de", "zona urbana", "zona rural", "corregimiento",
          "vereda", "barrio", "comuna", "localidad", "distrito",
          "región", "subregión", "provincia", "área metropolitana",
          "cabecera municipal", "centro poblado", "territorio étnico",
          "resguardo indígena", "territorio colectivo", "PDET"
        ]
      },
      "evaluation_components": [
        "explicit_causality_analysis",
        "logical_sequence_completeness",
        "evidence_based_justification",
        "temporal_consistency_check",
        "measurement_framework_presence",
        "risk_consideration_analysis",
        "territorial_coherence_assessment",
        "inter_sectoral_alignment"
      ],
      "scoring_weights": {
        "bienestar": 0.6,
        "resultado": 0.3,
        "gestion": 0.1
      },
      "causal_factor_thresholds": {
        "excellent": {"min_score": 0.85, "factor": 1.0},
        "good": {"min_score": 0.70, "factor": 0.9},
        "acceptable": {"min_score": 0.55, "factor": 0.75},
        "poor": {"min_score": 0.0, "factor": 0.5}
      }
    },

    "DE2": {
      "name": "Inclusión Temática y Enfoque Participativo",
      "weight": 0.30,
      "description": "Evalúa la inclusión de enfoques diferenciales y participación",
      "verification_criteria": {
        "diagnostico": {
          "required_data_sources": [
            "DANE", "SISPRO", "SIVIGILA", "SUIN", "Registraduría",
            "SISBEN", "GEIH", "ENSIN", "ENDS", "ECV",
            "TerriData", "SIGOT", "UNGRD", "IDEAM",
            "observatorios territoriales", "encuestas locales"
          ],
          "temporal_requirement": "minimum_5_years",
          "disaggregation": [
            "gender", "age", "ethnicity", "zone", "disability", "LGBTI",
            "migrant_status", "victim_status", "socioeconomic_level",
            "educational_level", "occupation", "family_structure",
            "religious_affiliation", "political_participation"
          ],
          "patterns": [
            "diagnóstico.*territorial", "análisis.*situación",
            "caracterización.*población", "estudios.*previos",
            "línea.*base.*202[0-9]", "serie.*histórica",
            "perfil demográfico", "radiografía territorial",
            "estado del arte", "contexto socioeconómico",
            "dinámicas poblacionales", "condiciones de vida",
            "brechas de equidad", "necesidades diferenciadas"
          ]
        },
        "alineacion": {
          "national_instruments": [
            "PND 2022-2026", "PND 2018-2022", "ODS", "CONPES",
            "Política Pública Nacional", "Plan Nacional de Acción",
            "Estrategia Nacional", "Marco de Sendai", "Acuerdo de París",
            "Nueva Agenda Urbana", "Plan Nacional de Desarrollo Rural",
            "Política Nacional de Equidad de Género", "PNUD",
            "Estrategia Nacional de Economía Circular", "Plan Nacional de Agua"
          ],
          "territorial_instruments": [
            "POT", "Plan de Riesgo", "Planes sectoriales",
            "PBOT", "EOT", "POMCA", "PGIRS", "PUEAA",
            "Plan de Movilidad", "Plan Verde", "Plan de Competitividad",
            "Plan de Ciencia y Tecnología", "Plan de Cultura",
            "Plan Educativo Municipal", "Plan de Seguridad Alimentaria",
            "Plan de Adaptación al Cambio Climático"
          ],
          "patterns": [
            "alineado.*con.*PND", "coherente.*ODS", "articulado.*CONPES",
            "vinculado.*política.*nacional", "corresponde.*lineamiento",
            "en el marco de", "de conformidad con", "siguiendo.*directrices",
            "acorde.*normatividad", "bajo.*parámetros",
            "considerando.*orientaciones", "atendiendo.*disposiciones"
          ]
        },
        "territorializacion": {
          "geographic_focus": [
            "zone_identification", "spatial_prioritization",
            "territorial_differentiation", "geographic_targeting"
          ],
          "differential_approach": [
            "population_specific_measures", "culturally_appropriate_interventions",
            "accessibility_considerations", "inclusive_design"
          ],
          "patterns": [
            "zona.*rural", "zona.*urbana", "corregimiento", "vereda",
            "enfoque.*diferencial", "población.*específica", "grupo.*étnico",
            "comunidad.*rural", "sector.*urbano", "periferia",
            "centro.*histórico", "área.*metropolitana", "conurbación",
            "territorialización.*recursos", "focalización.*geográfica",
            "priorización.*espacial", "intervención.*diferenciada"
          ]
        },
        "seguimiento": {
          "monitoring_system": [
            "indicator_framework", "data_collection_system",
            "reporting_mechanisms", "evaluation_protocols"
          ],
          "reporting_frequency": [
            "periodic_updates", "real_time_monitoring",
            "quarterly_reports", "annual_evaluations"
          ],
          "patterns": [
            "seguimiento.*trimestral", "reporte.*semestral", "evaluación.*anual",
            "indicador.*SUIFP", "sistema.*monitoreo", "tablero.*control",
            "alertas.*tempranas", "medición.*permanente",
            "observatorio.*territorial", "sistema.*información",
            "rendición.*cuentas", "transparencia.*datos"
          ]
        },
        "participacion": {
          "mechanisms": [
            "audiencias públicas", "consejos territoriales", "veedurías ciudadanas",
            "mesas de trabajo", "encuentros poblacionales", "consultas ciudadanas",
            "referendos", "iniciativas populares", "cabildos abiertos",
            "presupuestos participativos", "planeación participativa"
          ],
          "stakeholders": [
            "sociedad civil", "organizaciones comunitarias", "sector privado",
            "academia", "medios de comunicación", "iglesias",
            "sindicatos", "gremios", "cooperativas", "JAC", "JAL"
          ],
          "patterns": [
            "participación.*ciudadana", "construcción.*colectiva",
            "diálogo.*social", "consulta.*previa", "consenso.*territorial",
            "co-creación", "gobernanza.*participativa", "democracia.*local"
          ]
        }
      },
      "emi_subdimensions": {
        "diagnostico": {"weight": 0.20, "items": 8},
        "alineacion_estrategica": {"weight": 0.25, "items": 7},
        "territorializacion": {"weight": 0.25, "items": 6},
        "seguimiento": {"weight": 0.15, "items": 5},
        "participacion": {"weight": 0.15, "items": 5}
      }
    },

    "DE3": {
      "name": "Planificación y Adecuación Presupuestal",
      "weight": 0.20,
      "description": "Evalúa la viabilidad y coherencia presupuestal",
      "verification_matrix": {
        "G1": {
          "category": "Gestión",
          "description": "Diversified funding sources",
          "patterns": [
            "SGP", "SGR", "recursos propios", "cooperación", "regalías",
            "crédito", "APP", "obras por impuestos", "cofinanciación",
            "bonos", "titularización", "fondos de inversión",
            "capital privado", "crowdfunding", "green bonds",
            "fondos ambientales", "recursos internacionales",
            "banca multilateral", "cooperación técnica"
          ],
          "weight": 1.0
        },
        "G2": {
          "category": "Gestión",
          "description": "Annualized budget distribution",
          "patterns": [
            "2024", "2025", "2026", "2027", "vigencia", "anual",
            "cuatrienio", "bienio", "plurianual", "multianual",
            "cronograma", "calendario", "programación", "ejecución"
          ],
          "weight": 1.0
        },
        "G3": {
          "category": "Gestión",
          "description": "Budget execution capacity",
          "patterns": [
            "capacidad.*ejecución", "eficiencia.*gasto",
            "gestión.*recursos", "administración.*presupuestal",
            "control.*fiscal", "seguimiento.*financiero"
          ],
          "weight": 1.2
        },
        "A1": {
          "category": "Adecuación",
          "description": "Budget coherence with problem magnitude",
          "patterns": [
            "coherente", "proporcional", "suficiente", "adecuado",
            "dimensionado", "calibrado", "ajustado", "apropiado",
            "correspondiente", "equilibrado", "balanceado"
          ],
          "weight": 1.5
        },
        "A2": {
          "category": "Adecuación",
          "description": "Resource management strategy",
          "patterns": [
            "gestión recursos", "alianzas", "convenios", "estrategia",
            "optimización", "eficiencia", "racionalización",
            "sinergia", "articulación", "coordinación",
            "complementariedad", "subsidiariedad"
          ],
          "weight": 1.0
        },
        "A3": {
          "category": "Adecuación",
          "description": "Cost-benefit analysis",
          "patterns": [
            "costo.*beneficio", "retorno.*inversión", "rentabilidad.*social",
            "impacto.*económico", "valor.*público", "eficiencia.*económica",
            "análisis.*financiero", "viabilidad.*económica"
          ],
          "weight": 1.3
        },
        "R1": {
          "category": "Recursos",
          "description": "Resources traced in PPI with BPIN codes",
          "patterns": [
            "BPIN", "código proyecto", "PPI", "plan inversiones",
            "banco proyectos", "MGA", "SUIFP", "GESPROY",
            "ficha EBI", "registro presupuestal", "CDP"
          ],
          "weight": 1.5
        },
        "R2": {
          "category": "Recursos",
          "description": "Capacity strengthening needs",
          "patterns": [
            "fortalecimiento", "capacitación", "recurso humano",
            "desarrollo.*capacidades", "asistencia.*técnica",
            "transferencia.*conocimiento", "profesionalización",
            "especialización", "formación.*continua"
          ],
          "weight": 1.0
        },
        "R3": {
          "category": "Recursos",
          "description": "Infrastructure and technological resources",
          "patterns": [
            "infraestructura", "tecnología", "equipamiento",
            "sistemas.*información", "plataformas.*digitales",
            "modernización", "digitalización", "automatización"
          ],
          "weight": 1.2
        },
        "S1": {
          "category": "Sostenibilidad",
          "description": "Budget aligned with strategic plan",
          "patterns": [
            "alineado", "coherente", "corresponde", "vinculado",
            "articulado", "integrado", "sincronizado", "armonizado",
            "consistente", "congruente", "compatible"
          ],
          "weight": 1.5
        },
        "S2": {
          "category": "Sostenibilidad",
          "description": "Contingency plan for crises",
          "patterns": [
            "contingencia", "emergencia", "respuesta rápida", "crisis",
            "riesgo.*fiscal", "plan.*choque", "medidas.*extraordinarias",
            "reserva.*emergencia", "fondo.*contingencia"
          ],
          "weight": 1.0
        },
        "S3": {
          "category": "Sostenibilidad",
          "description": "Long-term financial sustainability",
          "patterns": [
            "sostenibilidad.*financiera", "viabilidad.*largo.*plazo",
            "equilibrio.*fiscal", "deuda.*sostenible", "ingresos.*recurrentes",
            "autonomía.*financiera", "solvencia", "liquidez"
          ],
          "weight": 1.4
        }
      },
      "monetary_patterns": [
        "\\$\\s*(\\d{1,3}(?:[,.]\\d{3})*(?:[,.]\\d+)?)",
        "(\\d{1,3}(?:[,.]\\d{3})*(?:[,.]\\d+)?)\\s*(?:mil\\s+)?millones?",
        "(\\d{1,3}(?:[,.]\\d{3})*(?:[,.]\\d+)?)\\s*billones?",
        "COP\\s*(\\d{1,3}(?:[,.]\\d{3})*(?:[,.]\\d+)?)",
        "(\\d+(?:[,.]\\d+)?)\\s*[Mm](?:ln|illones)",
        "(\\d+(?:[,.]\\d+)?)\\s*%\\s*del\\s+presupuesto",
        "USD\\s*(\\d{1,3}(?:[,.]\\d{3})*(?:[,.]\\d+)?)",
        "EUR\\s*(\\d{1,3}(?:[,.]\\d{3})*(?:[,.]\\d+)?)"
      ],
      "minimum_thresholds": {
        "security": 3,
        "health": 25,
        "education": 30,
        "water": 7,
        "housing": 5,
        "infrastructure": 10,
        "environment": 3,
        "culture": 1,
        "sports": 1,
        "economic_development": 5
      },
      "financial_health_indicators": [
        "autofinanciacion_ingresos_corrientes",
        "magnitud_deuda", "capacidad_pago",
        "indicador_solvencia", "generacion_recursos_propios",
        "dependencia_transferencias", "esfuerzo_fiscal"
      ]
    },

    "DE4": {
      "name": "Cadena de Valor y Articulación",
      "weight": 0.10,
      "description": "Evalúa la completitud de la cadena de valor",
      "value_chain_elements": {
        "inputs": {
          "weight": 0.15,
          "keywords": [
            "recursos", "presupuesto", "humano", "técnico", "financiero",
            "institucional", "infraestructura", "tecnológico", "información",
            "conocimiento", "capacidades", "competencias", "experiencia"
          ]
        },
        "activities": {
          "weight": 0.20,
          "keywords": [
            "acciones", "procesos", "procedimientos", "actividades",
            "intervenciones", "estrategias", "metodologías", "protocolos",
            "operaciones", "gestiones", "trámites", "servicios"
          ]
        },
        "products": {
          "weight": 0.25,
          "keywords": [
            "productos", "bienes", "servicios", "entregables",
            "obras", "estudios", "documentos", "capacitaciones",
            "eventos", "programas", "proyectos", "iniciativas"
          ]
        },
        "results": {
          "weight": 0.25,
          "keywords": [
            "resultados", "efectos", "cambios", "mejoras",
            "beneficios", "logros", "avances", "transformaciones",
            "optimizaciones", "fortalecimientos", "desarrollos"
          ]
        },
        "impacts": {
          "weight": 0.15,
          "keywords": [
            "impacto", "transformación", "bienestar", "desarrollo",
            "sostenibilidad", "equidad", "inclusión", "paz",
            "prosperidad", "competitividad", "innovación", "progreso"
          ]
        }
      },
      "coherence_indicators": [
        "teoría de cambio", "cadena causal", "marco lógico",
        "modelo de intervención", "lógica de intervención",
        "cadena de resultados", "cadena de valor", "pathway",
        "hoja de ruta", "roadmap", "arquitectura programática",
        "sistema de resultados", "modelo conceptual"
      ],
      "verification_points": [
        "diagnosis_with_baseline",
        "explicit_causality",
        "transformative_goals",
        "detailed_programs",
        "territorial_focus",
        "institutional_coordination",
        "monitoring_system",
        "sustainability_projection",
        "stakeholder_engagement",
        "risk_management",
        "innovation_elements",
        "gender_mainstreaming"
      ],
      "articulation_levels": {
        "horizontal": [
          "inter_sectorial", "multi_actor", "territorial_coordination",
          "public_private_partnerships", "civil_society_engagement"
        ],
        "vertical": [
          "national_alignment", "regional_coherence", "local_specificity",
          "institutional_hierarchy", "policy_cascade"
        ]
      }
    }
  },

  "decalogo_point_standards": {
    "1": {
      "name": "Derecho a la vida, a la seguridad y a la convivencia",
      "cluster": 5,
      "priority": "MÁXIMA",
      "sector_mapping": "security",
      "keywords": [
        "homicidio", "violencia", "seguridad", "convivencia", "vida",
        "delito", "criminalidad", "orden público", "paz", "conflicto",
        "hurto", "robo", "extorsión", "microtráfico", "pandillismo",
        "violencia intrafamiliar", "feminicidio", "maltrato", "abuso",
        "prevención", "disuasión", "control", "vigilancia", "patrullaje",
        "inteligencia", "investigación", "judicialización", "sistema penal"
      ],
      "mandatory_indicators": [
        {
          "name": "Tasa de homicidios",
          "type": "resultado",
          "unit": "Por 100.000 habitantes",
          "target": "< 25 por 100.000",
          "source": "Policía Nacional"
        },
        {
          "name": "Percepción de seguridad",
          "type": "resultado",
          "unit": "Porcentaje",
          "target": "> 70%",
          "source": "Encuesta de percepción"
        },
        {
          "name": "Tasa de hurtos",
          "type": "resultado",
          "unit": "Por 100.000 habitantes",
          "target": "Reducción 15%",
          "source": "Policía Nacional"
        },
        {
          "name": "Cobertura de videovigilancia",
          "type": "producto",
          "unit": "Porcentaje de territorio",
          "target": "> 60%",
          "source": "Secretaría de Gobierno"
        }
      ],
      "complementary_indicators": [
        "violencia_intrafamiliar", "feminicidios", "lesiones_personales",
        "extorsión", "secuestro", "desplazamiento_forzado", "reclutamiento",
        "tiempo_respuesta_emergencias", "efectividad_investigacion_criminal",
        "indice_convivencia_ciudadana"
      ],
      "minimum_budget_percentage": 3,
      "required_instruments": ["PISCC", "Plan de Seguridad", "Plan de Convivencia"],
      "evaluation_weights": {
        "DE1": 0.4, "DE2": 0.3, "DE3": 0.2, "DE4": 0.1
      }
    },

    "2": {
      "name": "Igualdad de la mujer y equidad de género",
      "cluster": 2,
      "priority": "ALTA",
      "sector_mapping": "gender",
      "keywords": [
        "mujer", "género", "igualdad", "equidad", "violencia basada",
        "feminicidio", "discriminación", "participación femenina",
        "autonomía económica", "empoderamiento", "liderazgo femenino",
        "brecha salarial", "cuidado", "corresponsabilidad", "derechos reproductivos",
        "salud sexual", "maternidad", "paternidad", "masculinidades",
        "diversidad sexual", "identidad de género", "LGBTI", "interseccionalidad"
      ],
      "mandatory_indicators": [
        {
          "name": "Violencia contra la mujer",
          "type": "resultado",
          "unit": "Casos por 100.000 mujeres",
          "target": "Reducción 20%",
          "source": "Medicina Legal"
        },
        {
          "name": "Participación política femenina",
          "type": "resultado",
          "unit": "Porcentaje en cargos directivos",
          "target": "> 30%",
          "source": "Registraduría"
        },
        {
          "name": "Brecha salarial de género",
          "type": "resultado",
          "unit": "Porcentaje",
          "target": "< 15%",
          "source": "DANE - GEIH"
        }
      ],
      "complementary_indicators": [
        "mujeres_emprendedoras", "acceso_credito_mujeres", "hogares_jefatura_femenina",
        "mujeres_rurales_programas", "casas_refugio_VBG", "rutas_atencion_VBG",
        "consejerías_mujer", "observatorio_genero"
      ],
      "minimum_budget_percentage": 2,
      "required_instruments": ["Política Pública de Mujer y Género", "Plan de Igualdad de Oportunidades"],
      "evaluation_weights": {
        "DE1": 0.35, "DE2": 0.35, "DE3": 0.2, "DE4": 0.1
      }
    },

    "3": {
      "name": "Derecho humano al agua, ambiente sano y gestión del riesgo",
      "cluster": 1,
      "priority": "ALTA",
      "sector_mapping": "environment",
      "keywords": [
        "agua", "ambiente", "clima", "riesgo", "desastre", "sostenible",
        "cambio climático", "cobertura", "acueducto", "alcantarillado",
        "saneamiento", "tratamiento", "residuos sólidos", "reciclaje",
        "biodiversidad", "ecosistemas", "áreas protegidas", "conservación",
        "contaminación", "calidad del aire", "ruido", "suelo",
        "adaptación", "mitigación", "vulnerabilidad", "amenaza", "resiliencia"
      ],
      "mandatory_indicators": [
        {
          "name": "Cobertura de acueducto",
          "type": "resultado",
          "unit": "Porcentaje",
          "target": "> 90%",
          "source": "SUI"
        },
        {
          "name": "Gestión integral de riesgos",
          "type": "gestión",
          "unit": "Plan implementado",
          "target": "100%",
          "source": "UNGRD"
        },
        {
          "name": "Cobertura alcantarillado",
          "type": "resultado",
          "unit": "Porcentaje",
          "target": "> 85%",
          "source": "SUI"
        },
        {
          "name": "Aprovechamiento residuos sólidos",
          "type": "resultado",
          "unit": "Porcentaje",
          "target": "> 20%",
          "source": "SSPD"
        }
      ],
      "complementary_indicators": [
        "calidad_agua", "IRCA", "continuidad_servicio", "perdidas_agua",
        "tratamiento_aguas_residuales", "disposicion_final_residuos",
        "areas_reforestadas", "indice_calidad_aire", "sistema_alertas_tempranas",
        "familias_relocalizadas", "obras_mitigacion"
      ],
      "minimum_budget_percentage": 7,
      "required_instruments": ["PUEAA", "Plan de Gestión de Riesgo", "PGIRS", "PSMV"],
      "evaluation_weights": {
        "DE1": 0.3, "DE2": 0.3, "DE3": 0.25, "DE4": 0.15
      }
    },

    "4": {
      "name": "Derecho humano a la salud",
      "cluster": 3,
      "priority": "MÁXIMA",
      "sector_mapping": "health",
      "keywords": [
        "salud", "médico", "hospital", "atención", "cobertura",
        "enfermedad", "mortalidad", "morbilidad", "IPS", "EPS",
        "prevención", "promoción", "atención primaria", "especializada",
        "urgencias", "ambulatorio", "hospitalario", "rehabilitación",
        "salud mental", "salud pública", "epidemiología", "vigilancia",
        "inmunización", "vacunación", "nutrición", "saneamiento básico"
      ],
      "mandatory_indicators": [
        {
          "name": "Mortalidad infantil",
          "type": "resultado",
          "unit": "Por 1.000 nacidos vivos",
          "target": "< 15",
          "source": "DANE - SISPRO"
        },
        {
          "name": "Cobertura en salud",
          "type": "resultado",
          "unit": "Porcentaje",
          "target": "> 95%",
          "source": "ADRES"
        },
        {
          "name": "Mortalidad materna",
          "type": "resultado",
          "unit": "Por 100.000 nacidos vivos",
          "target": "< 50",
          "source": "DANE - SISPRO"
        },
        {
          "name": "Cobertura vacunación",
          "type": "resultado",
          "unit": "Porcentaje",
          "target": "> 95%",
          "source": "MSPS - SISPRO"
        }
      ],
      "complementary_indicators": [
        "desnutricion_cronica", "bajo_peso_nacer", "embarazo_adolescente",
        "mortalidad_cancer", "prevalencia_diabetes", "hipertension_arterial",
        "salud_mental", "suicidio", "acceso_medicamentos", "oportunidad_citas",
        "resolucion_quejas", "satisfaccion_usuarios"
      ],
      "minimum_budget_percentage": 25,
      "required_instruments": ["Plan Territorial de Salud", "Plan de Salud Pública"],
      "evaluation_weights": {
        "DE1": 0.3, "DE2": 0.4, "DE3": 0.2, "DE4": 0.1
      }
    },

    "5": {
      "name": "Derechos de las víctimas y construcción de paz",
      "cluster": 5,
      "priority": "ALTA",
      "sector_mapping": "peace",
      "keywords": [
        "víctima", "paz", "reparación", "reconciliación", "conflicto",
        "memoria", "verdad", "justicia", "no repetición", "PDET",
        "restitución", "indemnización", "rehabilitación", "satisfacción",
        "garantías", "atención psicosocial", "acompañamiento",
        "participación", "dignificación", "resarcimiento", "territorialización"
      ],
      "mandatory_indicators": [
        {
          "name": "Víctimas reparadas",
          "type": "resultado",
          "unit": "Porcentaje",
          "target": "> 50%",
          "source": "UARIV"
        },
        {
          "name": "Programas de reconciliación",
          "type": "producto",
          "unit": "Número",
          "target": "> 3",
          "source": "Oficina de Paz"
        },
        {
          "name": "Territorios de memoria",
          "type": "producto",
          "unit": "Número",
          "target": "> 2",
          "source": "CNMH"
        }
      ],
      "complementary_indicators": [
        "atencion_psicosocial", "restitucion_tierras", "retornos_reubicaciones",
        "proyectos_productivos_victimas", "acceso_educacion_victimas",
        "participacion_victimas", "medidas_satisfaccion", "garantias_no_repeticion"
      ],
      "minimum_budget_percentage": 2,
      "required_instruments": ["PAPSIVI", "Programa de reparación", "Plan de Acción Territorial"],
      "evaluation_weights": {
        "DE1": 0.4, "DE2": 0.35, "DE3": 0.15, "DE4": 0.1
      }
    },

    "6": {
      "name": "Derechos de la niñez, la juventud y fortalecimiento familiar",
      "cluster": 2,
      "priority": "MÁXIMA",
      "sector_mapping": "childhood",
      "keywords": [
        "niñez", "juventud", "familia", "infancia", "adolescente",
        "primera infancia", "desarrollo integral", "protección",
        "educación inicial", "nutrición", "estimulación", "cuidado",
        "maltrato", "abandono", "trabajo infantil", "explotación",
        "adopción", "hogares substitutos", "restablecimiento", "derechos"
      ],
      "mandatory_indicators": [
        {
          "name": "Desnutrición crónica",
          "type": "resultado",
          "unit": "Porcentaje",
          "target": "< 10%",
          "source": "ENSIN"
        },
        {
          "name": "Cobertura educación inicial",
          "type": "resultado",
          "unit": "Porcentaje",
          "target": "> 80%",
          "source": "MEN"
        },
        {
          "name": "Trabajo infantil",
          "type": "resultado",
          "unit": "Tasa",
          "target": "< 5%",
          "source": "DANE - GEIH"
        }
      ],
      "complementary_indicators": [
        "mortalidad_infantil", "registro_civil", "vacunacion_completa",
        "lactancia_materna", "desarrollo_infantil_temprano", "violencia_sexual",
        "hogares_comunitarios", "centros_desarrollo_infantil", "bibliotecas_publicas"
      ],
      "minimum_budget_percentage": 5,
      "required_instruments": ["Política Primera Infancia", "Política de Juventud"],
      "evaluation_weights": {
        "DE1": 0.35, "DE2": 0.35, "DE3": 0.2, "DE4": 0.1
      }
    },

    "7": {
      "name": "Ordenamiento territorial, tierras y desarrollo rural",
      "cluster": 1,
      "priority": "ALTA",
      "sector_mapping": "rural",
      "keywords": [
        "tierra", "territorio", "rural", "agrario", "propiedad",
        "campesino", "ordenamiento", "catastro", "titulación",
        "formalización", "baldíos", "reforma agraria", "desarrollo rural",
        "agricultura", "ganadería", "pesca", "silvicultura",
        "agroindustria", "cadenas productivas", "valor agregado",
        "comercialización", "asistencia técnica", "crédito rural"
      ],
      "mandatory_indicators": [
        {
          "name": "Predios formalizados",
          "type": "producto",
          "unit": "Número",
          "target": "> 500",
          "source": "ANT"
        },
        {
          "name": "Actualización catastral",
          "type": "gestión",
          "unit": "Porcentaje del territorio",
          "target": "> 70%",
          "source": "IGAC"
        },
        {
          "name": "Vías terciarias mejoradas",
          "type": "producto",
          "unit": "Kilómetros",
          "target": "> 100",
          "source": "Secretaría de Infraestructura"
        }
      ],
      "complementary_indicators": [
        "productividad_agricola", "ingresos_rurales", "asociatividad_rural",
        "acceso_credito_rural", "asistencia_tecnica", "infraestructura_riego",
        "valor_agregado_rural", "comercializacion_productos", "competitividad_rural"
      ],
      "minimum_budget_percentage": 3,
      "required_instruments": ["POT/PBOT/EOT actualizado", "PDET", "Plan de Desarrollo Rural"],
      "evaluation_weights": {
        "DE1": 0.35, "DE2": 0.3, "DE3": 0.25, "DE4": 0.1
      }
    },

    "8": {
      "name": "Protección y promoción de líderes sociales",
      "cluster": 4,
      "priority": "ALTA",
      "sector_mapping": "protection",
      "keywords": [
        "líder", "defensor", "protección", "amenaza", "riesgo",
        "activista", "social", "comunitario", "SAT", "UNP",
        "derechos humanos", "territorio", "ambiente", "sindical",
        "periodista", "comunicador", "educador", "defensoría"
      ],
      "mandatory_indicators": [
        {
          "name": "Líderes con medidas de protección",
          "type": "producto",
          "unit": "Número",
          "target": "100% identificados",
          "source": "UNP"
        },
        {
          "name": "Reducción de amenazas",
          "type": "resultado",
          "unit": "Porcentaje",
          "target": "Reducción 30%",
          "source": "Fiscalía"
        },
        {
          "name": "Sistema de alertas tempranas",
          "type": "gestión",
          "unit": "Sistema operando",
          "target": "100% territorial",
          "source": "Defensoría"
        }
      ],
      "complementary_indicators": [
        "homicidios_lideres", "investigaciones_amenazas", "medidas_colectivas",
        "formacion_liderazgo", "participacion_espacios_publicos", "veedurias_activas"
      ],
      "minimum_budget_percentage": 1,
      "required_instruments": ["SAT", "Programa de protección", "Plan DDHH"],
      "evaluation_weights": {
        "DE1": 0.4, "DE2": 0.3, "DE3": 0.2, "DE4": 0.1
      }
    },

    "9": {
      "name": "Personas privadas de la libertad",
      "cluster": 4,
      "priority": "MEDIA",
      "sector_mapping": "prison",
      "keywords": [
        "privado libertad", "cárcel", "reclusión", "resocialización",
        "penitenciario", "INPEC", "reinserción", "rehabilitación",
        "educación carcelaria", "trabajo penitenciario", "salud carcelaria",
        "visitas familiares", "derechos humanos", "hacinamiento"
      ],
      "mandatory_indicators": [
        {
          "name": "Programas de resocialización",
          "type": "producto",
          "unit": "Número",
          "target": "> 2",
          "source": "INPEC"
        },
        {
          "name": "Reincidencia delictiva",
          "type": "resultado",
          "unit": "Porcentaje",
          "target": "< 15%",
          "source": "Fiscalía"
        }
      ],
      "complementary_indicators": [
        "hacinamiento_carcelario", "educacion_carcelaria", "trabajo_penitenciario",
        "atencion_salud_PPL", "visitaconyugal", "actividades_deportivas_culturales"
      ],
      "minimum_budget_percentage": 0.5,
      "required_instruments": ["Programa de atención PPL", "Plan de resocialización"],
      "evaluation_weights": {
        "DE1": 0.35, "DE2": 0.35, "DE3": 0.2, "DE4": 0.1
      }
    },

    "10": {
      "name": "Trabajo decente y seguridad social",
      "cluster": 3,
      "priority": "ALTA",
      "sector_mapping": "employment",
      "keywords": [
        "trabajo", "empleo", "seguridad social", "pensión", "laboral",
        "ocupación", "desempleo", "informalidad", "decreto",
        "salario mínimo", "prestaciones", "salud ocupacional",
        "riesgos laborales", "sindicalización", "negociación colectiva",
        "emprendimiento", "innovación", "competitividad", "productividad"
      ],
      "mandatory_indicators": [
        {
          "name": "Tasa de desempleo",
          "type": "resultado",
          "unit": "Porcentaje",
          "target": "< 15%",
          "source": "DANE - GEIH"
        },
        {
          "name": "Informalidad laboral",
          "type": "resultado",
          "unit": "Porcentaje",
          "target": "< 60%",
          "source": "DANE - GEIH"
        },
        {
          "name": "Empleos generados",
          "type": "producto",
          "unit": "Número",
          "target": "> 5000",
          "source": "Secretaría de Desarrollo"
        }
      ],
      "complementary_indicators": [
        "salario_promedio", "acceso_seguridad_social", "accidentes_trabajo",
        "enfermedades_laborales", "capacitacion_laboral", "certificacion_competencias",
        "emprendimientos_formalizados", "microempresas_creadas"
      ],
      "minimum_budget_percentage": 2,
      "required_instruments": ["Plan de empleo", "Política de emprendimiento"],
      "evaluation_weights": {
        "DE1": 0.35, "DE2": 0.3, "DE3": 0.25, "DE4": 0.1
      }
    },

    "11": {
      "name": "Participación ciudadana y protesta social",
      "cluster": 4,
      "priority": "ALTA",
      "sector_mapping": "participation",
      "keywords": [
        "participación", "ciudadana", "protesta", "social", "democracia",
        "consulta", "veeduría", "control", "transparencia",
        "rendición de cuentas", "audiencias públicas", "cabildos",
        "iniciativas populares", "revocatoria", "referendo",
        "consejo territorial planeación", "juntas acción comunal"
      ],
      "mandatory_indicators": [
        {
          "name": "Espacios de participación activos",
          "type": "producto",
          "unit": "Número",
          "target": "> 5",
          "source": "Secretaría de participación"
        },
        {
          "name": "Veedurías ciudadanas",
          "type": "producto",
          "unit": "Número",
          "target": "> 10",
          "source": "Personería"
        },
        {
          "name": "Audiencias públicas realizadas",
          "type": "producto",
          "unit": "Número anual",
          "target": "> 4",
          "source": "Despacho del Alcalde"
        }
      ],
      "complementary_indicators": [
        "consejos_territoriales", "consultas_populares", "presupuestos_participativos",
        "JAC_activas", "organizaciones_registradas", "lideres_formados",
        "propuestas_ciudadanas", "quejas_resueltas"
      ],
      "minimum_budget_percentage": 1,
      "required_instruments": ["Plan de participación", "Política de transparencia"],
      "evaluation_weights": {
        "DE1": 0.4, "DE2": 0.35, "DE3": 0.15, "DE4": 0.1
      }
    }
  },

  "regional_variations": {
    "costa_atlantica": {
      "specific_patterns": [
        "distrito especial", "área metropolitana", "puerto", "zona franca",
        "turismo", "carnaval", "cultura caribe", "gaita", "cumbia"
      ],
      "typical_indicators": [
        "turistas_recibidos", "empleos_turisticos", "eventos_culturales",
        "infraestructura_portuaria", "conectividad_aerea"
      ]
    },
    "pacifico": {
      "specific_patterns": [
        "biodiversidad", "afrodescendiente", "manglar", "pesca artesanal",
        "minería", "coca", "grupos armados", "corredor humanitario"
      ],
      "typical_indicators": [
        "areas_protegidas", "titulacion_colectiva", "cultivos_ilicitos",
        "desplazamiento", "homicidios", "presencia_institucional"
      ]
    },
    "amazonia": {
      "specific_patterns": [
        "selva", "resguardo", "pueblos indígenas", "deforestación",
        "SINCHI", "investigación", "bioeconomía", "servicios ecosistémicos"
      ],
      "typical_indicators": [
        "deforestacion_hectareas", "carbono_capturado", "especies_conservadas",
        "proyectos_bioeconomia", "comunidades_indigenas_atendidas"
      ]
    },
    "andina": {
      "specific_patterns": [
        "páramo", "cuenca", "microcuenca", "café", "flores",
        "agroindustria", "corredor vial", "turismo religioso"
      ],
      "typical_indicators": [
        "hectareas_cafe", "productividad_agricola", "turistas_religiosos",
        "vias_pavimentadas", "conectividad_digital"
      ]
    },
    "orinoquia": {
      "specific_patterns": [
        "llanos", "ganadería", "petróleo", "palma", "arroz",
        "altillanura", "sabana", "hato", "vaquería"
      ],
      "typical_indicators": [
        "cabezas_ganado", "produccion_petroleo", "hectareas_palma",
        "produccion_arroz", "regalias_recibidas"
      ]
    }
  },

  "emerging_themes": {
    "digital_transformation": {
      "keywords": [
        "gobierno digital", "transformación digital", "datos abiertos",
        "inteligencia artificial", "blockchain", "internet de las cosas",
        "big data", "analytics", "ciudades inteligentes", "e-government"
      ],
      "indicators": [
        "tramites_digitalizados", "usuarios_gobierno_digital",
        "datos_abiertos_publicados", "servicios_online"
      ]
    },
    "circular_economy": {
      "keywords": [
        "economía circular", "residuos cero", "reutilización", "upcycling",
        "simbiosis industrial", "cradle to cradle", "ecodiseño",
        "bioeconomía", "economía regenerativa", ",